{
    "loss": 0.762481153011322,
    "accuracy": 0.8039215803146362
}