{
    "loss": 25.266870498657227,
    "accuracy": 0.4313725531101227
}